<?xml version="1.0" encoding="UTF-8"?>
<SUMMARY>
<SP_COMM><![CDATA[ Analyses performed for DAOP well-defined residues. <br>]]></SP_COMM>
<STRUCTURES_COMPUTED>currently unknown</STRUCTURES_COMPUTED>
<STRUCTURES_USED>5</STRUCTURES_USED>
<RMSD>
<ALL>
<BACKBONE_ATOMS>2.2</BACKBONE_ATOMS>
<HEAVY_ATOMS>2.7</HEAVY_ATOMS>
</ALL>
<ORDERED>
<BACKBONE_ATOMS>0.7</BACKBONE_ATOMS>
<HEAVY_ATOMS>0.9</HEAVY_ATOMS>
</ORDERED>
<SELECTED>
<BACKBONE_ATOMS>0.7</BACKBONE_ATOMS>
<HEAVY_ATOMS>0.9</HEAVY_ATOMS>
</SELECTED>
</RMSD>
<QFACTORS>
<MEAN_SCORE>
<PROCHECK_G_PHI_PSI>-0.12</PROCHECK_G_PHI_PSI>
<PROCHECK_G_ALL>0.01</PROCHECK_G_ALL>
<VERIFY3D>0.17</VERIFY3D>
<PROSAII_NEG></PROSAII_NEG>
<MAGE_CLASH>1.60
</MAGE_CLASH>
</MEAN_SCORE>
<STD_DEVIATION>
<PROCHECK_G_PHI_PSI>N/A</PROCHECK_G_PHI_PSI>
<PROCHECK_G_ALL>N/A</PROCHECK_G_ALL>
<VERIFY3D>0.0274</VERIFY3D>
<PROSAII_NEG></PROSAII_NEG>
<MAGE_CLASH>3.5777
</MAGE_CLASH>
</STD_DEVIATION>
<ZSCORE>
<PROCHECK_G_PHI_PSI>-0.16</PROCHECK_G_PHI_PSI>
<PROCHECK_G_ALL>0.06</PROCHECK_G_ALL>
<VERIFY3D>-4.65</VERIFY3D>
<PROSAII_NEG></PROSAII_NEG>
<MAGE_CLASH>1.25
</MAGE_CLASH>
</ZSCORE>
</QFACTORS>
<RAMACHANDRAN>
<MOST_FAVORED>91.3%</MOST_FAVORED>
<ADDID_ALLOWED>8.1%</ADDID_ALLOWED>
<GEN_ALLOWED>0.6%</GEN_ALLOWED>
<DISALLOWED>0.0%</DISALLOWED>
</RAMACHANDRAN>
<MOLRAMA>
<MOST_FAVORED>95.6%</MOST_FAVORED>
<ALLOWED>2.6%</ALLOWED>
<DISALLOWED>1.8%</DISALLOWED>
</MOLRAMA>
<ORD_RES>2A-20A, 23A-81A</ORD_RES>
<SEL_RES_DESC>DAOP with S(phi)+S(psi)>=1.8 : 2A-20A, 23A-81A </SEL_RES_DESC>

</SUMMARY>
