<?xml version="1.0" encoding="UTF-8"?>
<SUMMARY>
<SP_COMM><![CDATA[ Analyses performed for DAOP well-defined residues. <br>]]></SP_COMM>
<STRUCTURES_COMPUTED>currently unknown</STRUCTURES_COMPUTED>
<STRUCTURES_USED>20</STRUCTURES_USED>
<RMSD>
<ALL>
<BACKBONE_ATOMS>5.4</BACKBONE_ATOMS>
<HEAVY_ATOMS>6.1</HEAVY_ATOMS>
</ALL>
<ORDERED>
<BACKBONE_ATOMS>0.7</BACKBONE_ATOMS>
<HEAVY_ATOMS>1.2</HEAVY_ATOMS>
</ORDERED>
<SELECTED>
<BACKBONE_ATOMS>0.7</BACKBONE_ATOMS>
<HEAVY_ATOMS>1.2</HEAVY_ATOMS>
</SELECTED>
</RMSD>
<QFACTORS>
<MEAN_SCORE>
<PROCHECK_G_PHI_PSI>0.63</PROCHECK_G_PHI_PSI>
<PROCHECK_G_ALL>0.46</PROCHECK_G_ALL>
<VERIFY3D>0.07</VERIFY3D>
<PROSAII_NEG>0.50</PROSAII_NEG>
<MAGE_CLASH>17.45
</MAGE_CLASH>
</MEAN_SCORE>
<STD_DEVIATION>
<PROCHECK_G_PHI_PSI>N/A</PROCHECK_G_PHI_PSI>
<PROCHECK_G_ALL>N/A</PROCHECK_G_ALL>
<VERIFY3D>0.0190</VERIFY3D>
<PROSAII_NEG>0.0540</PROSAII_NEG>
<MAGE_CLASH>4.0372
</MAGE_CLASH>
</STD_DEVIATION>
<ZSCORE>
<PROCHECK_G_PHI_PSI>2.79</PROCHECK_G_PHI_PSI>
<PROCHECK_G_ALL>2.72</PROCHECK_G_ALL>
<VERIFY3D>-6.26</VERIFY3D>
<PROSAII_NEG>-0.62</PROSAII_NEG>
<MAGE_CLASH>-1.47
</MAGE_CLASH>
</ZSCORE>
</QFACTORS>
<RAMACHANDRAN>
<MOST_FAVORED>97.3%</MOST_FAVORED>
<ADDID_ALLOWED>2.6%</ADDID_ALLOWED>
<GEN_ALLOWED>0.1%</GEN_ALLOWED>
<DISALLOWED>0.0%</DISALLOWED>
</RAMACHANDRAN>
<MOLRAMA>
<MOST_FAVORED>98.8%</MOST_FAVORED>
<ALLOWED>1%</ALLOWED>
<DISALLOWED>0.1%</DISALLOWED>
</MOLRAMA>
<ORD_RES>65A-77A, 81A-148A</ORD_RES>
<SEL_RES_DESC>DAOP with S(phi)+S(psi)>=1.8 : 65A-77A, 81A-148A </SEL_RES_DESC>

</SUMMARY>
