<?xml version="1.0" encoding="UTF-8"?>
<SUMMARY>
<SP_COMM><![CDATA[ Analyses performed for DAOP well-defined residues. <br>]]></SP_COMM>
<STRUCTURES_COMPUTED>currently unknown</STRUCTURES_COMPUTED>
<STRUCTURES_USED>20</STRUCTURES_USED>
<RMSD>
<ALL>
<BACKBONE_ATOMS>1.9</BACKBONE_ATOMS>
<HEAVY_ATOMS>2.3</HEAVY_ATOMS>
</ALL>
<ORDERED>
<BACKBONE_ATOMS>0.5</BACKBONE_ATOMS>
<HEAVY_ATOMS>0.9</HEAVY_ATOMS>
</ORDERED>
<SELECTED>
<BACKBONE_ATOMS>0.5</BACKBONE_ATOMS>
<HEAVY_ATOMS>0.9</HEAVY_ATOMS>
</SELECTED>
</RMSD>
<QFACTORS>
<MEAN_SCORE>
<PROCHECK_G_PHI_PSI>-0.82</PROCHECK_G_PHI_PSI>
<PROCHECK_G_ALL>-0.47</PROCHECK_G_ALL>
<VERIFY3D>0.05</VERIFY3D>
<PROSAII_NEG>0.20</PROSAII_NEG>
<MAGE_CLASH>10.08
</MAGE_CLASH>
</MEAN_SCORE>
<STD_DEVIATION>
<PROCHECK_G_PHI_PSI>N/A</PROCHECK_G_PHI_PSI>
<PROCHECK_G_ALL>N/A</PROCHECK_G_ALL>
<VERIFY3D>0.0254</VERIFY3D>
<PROSAII_NEG>0.0720</PROSAII_NEG>
<MAGE_CLASH>1.8037
</MAGE_CLASH>
</STD_DEVIATION>
<ZSCORE>
<PROCHECK_G_PHI_PSI>-2.91</PROCHECK_G_PHI_PSI>
<PROCHECK_G_ALL>-2.78</PROCHECK_G_ALL>
<VERIFY3D>-6.58</VERIFY3D>
<PROSAII_NEG>-1.86</PROSAII_NEG>
<MAGE_CLASH>-0.20
</MAGE_CLASH>
</ZSCORE>
</QFACTORS>
<RAMACHANDRAN>
<MOST_FAVORED>75.7%</MOST_FAVORED>
<ADDID_ALLOWED>21.8%</ADDID_ALLOWED>
<GEN_ALLOWED>0.5%</GEN_ALLOWED>
<DISALLOWED>2.0%</DISALLOWED>
</RAMACHANDRAN>
<MOLRAMA>
<MOST_FAVORED>86.4%</MOST_FAVORED>
<ALLOWED>13.4%</ALLOWED>
<DISALLOWED>0.2%</DISALLOWED>
</MOLRAMA>
<ORD_RES>10A-17A, 20A-45A, 47A-59A</ORD_RES>
<SEL_RES_DESC>DAOP with S(phi)+S(psi)>=1.8 : 10A-17A, 20A-45A, 47A-59A </SEL_RES_DESC>

</SUMMARY>
