<?xml version="1.0" encoding="UTF-8"?>
<SUMMARY>
<SP_COMM><![CDATA[ Analyses performed for DAOP well-defined residues. <br>]]></SP_COMM>
<STRUCTURES_COMPUTED>currently unknown</STRUCTURES_COMPUTED>
<STRUCTURES_USED>5</STRUCTURES_USED>
<RMSD>
<ALL>
<BACKBONE_ATOMS>1.5</BACKBONE_ATOMS>
<HEAVY_ATOMS>1.8</HEAVY_ATOMS>
</ALL>
<ORDERED>
<BACKBONE_ATOMS>0.9</BACKBONE_ATOMS>
<HEAVY_ATOMS>1.0</HEAVY_ATOMS>
</ORDERED>
<SELECTED>
<BACKBONE_ATOMS>0.9</BACKBONE_ATOMS>
<HEAVY_ATOMS>1.0</HEAVY_ATOMS>
</SELECTED>
</RMSD>
<QFACTORS>
<MEAN_SCORE>
<PROCHECK_G_PHI_PSI>0.26</PROCHECK_G_PHI_PSI>
<PROCHECK_G_ALL>0.33</PROCHECK_G_ALL>
<VERIFY3D>0.13</VERIFY3D>
<PROSAII_NEG></PROSAII_NEG>
<MAGE_CLASH>1.94
</MAGE_CLASH>
</MEAN_SCORE>
<STD_DEVIATION>
<PROCHECK_G_PHI_PSI>N/A</PROCHECK_G_PHI_PSI>
<PROCHECK_G_ALL>N/A</PROCHECK_G_ALL>
<VERIFY3D>0.0100</VERIFY3D>
<PROSAII_NEG></PROSAII_NEG>
<MAGE_CLASH>4.3424
</MAGE_CLASH>
</STD_DEVIATION>
<ZSCORE>
<PROCHECK_G_PHI_PSI>1.34</PROCHECK_G_PHI_PSI>
<PROCHECK_G_ALL>1.95</PROCHECK_G_ALL>
<VERIFY3D>-5.30</VERIFY3D>
<PROSAII_NEG></PROSAII_NEG>
<MAGE_CLASH>1.19
</MAGE_CLASH>
</ZSCORE>
</QFACTORS>
<RAMACHANDRAN>
<MOST_FAVORED>92.0%</MOST_FAVORED>
<ADDID_ALLOWED>7.8%</ADDID_ALLOWED>
<GEN_ALLOWED>0.2%</GEN_ALLOWED>
<DISALLOWED>0.0%</DISALLOWED>
</RAMACHANDRAN>
<MOLRAMA>
<MOST_FAVORED>95.4%</MOST_FAVORED>
<ALLOWED>4.2%</ALLOWED>
<DISALLOWED>0.4%</DISALLOWED>
</MOLRAMA>
<ORD_RES>2A-99A, 104A-106A</ORD_RES>
<SEL_RES_DESC>DAOP with S(phi)+S(psi)>=1.8 : 2A-99A, 104A-106A </SEL_RES_DESC>

</SUMMARY>
