<?xml version="1.0" encoding="UTF-8"?>
<SUMMARY>
<SP_COMM><![CDATA[ Analyses performed for DAOP well-defined residues. <br>]]></SP_COMM>
<STRUCTURES_COMPUTED>currently unknown</STRUCTURES_COMPUTED>
<STRUCTURES_USED>20</STRUCTURES_USED>
<RMSD>
<ALL>
<BACKBONE_ATOMS>2.2</BACKBONE_ATOMS>
<HEAVY_ATOMS>2.8</HEAVY_ATOMS>
</ALL>
<ORDERED>
<BACKBONE_ATOMS>0.4</BACKBONE_ATOMS>
<HEAVY_ATOMS>0.9</HEAVY_ATOMS>
</ORDERED>
<SELECTED>
<BACKBONE_ATOMS>0.4</BACKBONE_ATOMS>
<HEAVY_ATOMS>0.9</HEAVY_ATOMS>
</SELECTED>
</RMSD>
<QFACTORS>
<MEAN_SCORE>
<PROCHECK_G_PHI_PSI>-0.45</PROCHECK_G_PHI_PSI>
<PROCHECK_G_ALL>-0.24</PROCHECK_G_ALL>
<VERIFY3D>0.17</VERIFY3D>
<PROSAII_NEG>0.18</PROSAII_NEG>
<MAGE_CLASH>19.53
</MAGE_CLASH>
</MEAN_SCORE>
<STD_DEVIATION>
<PROCHECK_G_PHI_PSI>N/A</PROCHECK_G_PHI_PSI>
<PROCHECK_G_ALL>N/A</PROCHECK_G_ALL>
<VERIFY3D>0.0208</VERIFY3D>
<PROSAII_NEG>0.0531</PROSAII_NEG>
<MAGE_CLASH>4.1605
</MAGE_CLASH>
</STD_DEVIATION>
<ZSCORE>
<PROCHECK_G_PHI_PSI>-1.46</PROCHECK_G_PHI_PSI>
<PROCHECK_G_ALL>-1.42</PROCHECK_G_ALL>
<VERIFY3D>-4.65</VERIFY3D>
<PROSAII_NEG>-1.94</PROSAII_NEG>
<MAGE_CLASH>-1.83
</MAGE_CLASH>
</ZSCORE>
</QFACTORS>
<RAMACHANDRAN>
<MOST_FAVORED>88.0%</MOST_FAVORED>
<ADDID_ALLOWED>11.6%</ADDID_ALLOWED>
<GEN_ALLOWED>0.2%</GEN_ALLOWED>
<DISALLOWED>0.1%</DISALLOWED>
</RAMACHANDRAN>
<MOLRAMA>
<MOST_FAVORED>95.5%</MOST_FAVORED>
<ALLOWED>4.4%</ALLOWED>
<DISALLOWED>0.1%</DISALLOWED>
</MOLRAMA>
<ORD_RES>3A-14A, 17A-29A, 35A-55A, 58A-77A, 81A-86A, 89A-98A</ORD_RES>
<SEL_RES_DESC>DAOP with S(phi)+S(psi)>=1.8 : 3A-14A, 17A-29A, 35A-55A, 58A-77A, 81A-86A, 89A-98A </SEL_RES_DESC>

</SUMMARY>
