<?xml version="1.0" encoding="UTF-8"?>
<SUMMARY>
<SP_COMM><![CDATA[ Analyses performed for DAOP well-defined residues. <br>]]></SP_COMM>
<STRUCTURES_COMPUTED>currently unknown</STRUCTURES_COMPUTED>
<STRUCTURES_USED>5</STRUCTURES_USED>
<RMSD>
<ALL>
<BACKBONE_ATOMS>1.1</BACKBONE_ATOMS>
<HEAVY_ATOMS>1.4</HEAVY_ATOMS>
</ALL>
<ORDERED>
<BACKBONE_ATOMS>0.8</BACKBONE_ATOMS>
<HEAVY_ATOMS>1.1</HEAVY_ATOMS>
</ORDERED>
<SELECTED>
<BACKBONE_ATOMS>0.8</BACKBONE_ATOMS>
<HEAVY_ATOMS>1.1</HEAVY_ATOMS>
</SELECTED>
</RMSD>
<QFACTORS>
<MEAN_SCORE>
<PROCHECK_G_PHI_PSI>-0.48</PROCHECK_G_PHI_PSI>
<PROCHECK_G_ALL>-0.16</PROCHECK_G_ALL>
<VERIFY3D>0.19</VERIFY3D>
<PROSAII_NEG></PROSAII_NEG>
<MAGE_CLASH>0.00
</MAGE_CLASH>
</MEAN_SCORE>
<STD_DEVIATION>
<PROCHECK_G_PHI_PSI>N/A</PROCHECK_G_PHI_PSI>
<PROCHECK_G_ALL>N/A</PROCHECK_G_ALL>
<VERIFY3D>0.0134</VERIFY3D>
<PROSAII_NEG></PROSAII_NEG>
<MAGE_CLASH>0.0000
</MAGE_CLASH>
</STD_DEVIATION>
<ZSCORE>
<PROCHECK_G_PHI_PSI>-1.57</PROCHECK_G_PHI_PSI>
<PROCHECK_G_ALL>-0.95</PROCHECK_G_ALL>
<VERIFY3D>-4.33</VERIFY3D>
<PROSAII_NEG></PROSAII_NEG>
<MAGE_CLASH>1.53
</MAGE_CLASH>
</ZSCORE>
</QFACTORS>
<RAMACHANDRAN>
<MOST_FAVORED>88.1%</MOST_FAVORED>
<ADDID_ALLOWED>11.9%</ADDID_ALLOWED>
<GEN_ALLOWED>0.0%</GEN_ALLOWED>
<DISALLOWED>0.0%</DISALLOWED>
</RAMACHANDRAN>
<MOLRAMA>
<MOST_FAVORED>94.2%</MOST_FAVORED>
<ALLOWED>5.3%</ALLOWED>
<DISALLOWED>0.6%</DISALLOWED>
</MOLRAMA>
<ORD_RES>2A-107A</ORD_RES>
<SEL_RES_DESC>DAOP with S(phi)+S(psi)>=1.8 : 2A-107A </SEL_RES_DESC>

</SUMMARY>
