<?xml version="1.0" encoding="UTF-8"?>
<SUMMARY>
<SP_COMM><![CDATA[ Analyses performed for DAOP well-defined residues. <br>]]></SP_COMM>
<STRUCTURES_COMPUTED>currently unknown</STRUCTURES_COMPUTED>
<STRUCTURES_USED>20</STRUCTURES_USED>
<RMSD>
<ALL>
<BACKBONE_ATOMS>19.1</BACKBONE_ATOMS>
<HEAVY_ATOMS>17.6</HEAVY_ATOMS>
</ALL>
<ORDERED>
<BACKBONE_ATOMS>0.6</BACKBONE_ATOMS>
<HEAVY_ATOMS>1.3</HEAVY_ATOMS>
</ORDERED>
<SELECTED>
<BACKBONE_ATOMS>0.6</BACKBONE_ATOMS>
<HEAVY_ATOMS>1.3</HEAVY_ATOMS>
</SELECTED>
</RMSD>
<QFACTORS>
<MEAN_SCORE>
<PROCHECK_G_PHI_PSI>0.33</PROCHECK_G_PHI_PSI>
<PROCHECK_G_ALL>0.20</PROCHECK_G_ALL>
<VERIFY3D>0.02</VERIFY3D>
<PROSAII_NEG>0.28</PROSAII_NEG>
<MAGE_CLASH>12.47
</MAGE_CLASH>
</MEAN_SCORE>
<STD_DEVIATION>
<PROCHECK_G_PHI_PSI>N/A</PROCHECK_G_PHI_PSI>
<PROCHECK_G_ALL>N/A</PROCHECK_G_ALL>
<VERIFY3D>0.0226</VERIFY3D>
<PROSAII_NEG>0.0535</PROSAII_NEG>
<MAGE_CLASH>3.4360
</MAGE_CLASH>
</STD_DEVIATION>
<ZSCORE>
<PROCHECK_G_PHI_PSI>1.61</PROCHECK_G_PHI_PSI>
<PROCHECK_G_ALL>1.18</PROCHECK_G_ALL>
<VERIFY3D>-7.06</VERIFY3D>
<PROSAII_NEG>-1.53</PROSAII_NEG>
<MAGE_CLASH>-0.61
</MAGE_CLASH>
</ZSCORE>
</QFACTORS>
<RAMACHANDRAN>
<MOST_FAVORED>97.1%</MOST_FAVORED>
<ADDID_ALLOWED>2.9%</ADDID_ALLOWED>
<GEN_ALLOWED>0.0%</GEN_ALLOWED>
<DISALLOWED>0.0%</DISALLOWED>
</RAMACHANDRAN>
<MOLRAMA>
<MOST_FAVORED>98.4%</MOST_FAVORED>
<ALLOWED>1.5%</ALLOWED>
<DISALLOWED>0.1%</DISALLOWED>
</MOLRAMA>
<ORD_RES>8A-57A</ORD_RES>
<SEL_RES_DESC>DAOP with S(phi)+S(psi)>=1.8 : 8A-57A </SEL_RES_DESC>

</SUMMARY>
