<?xml version="1.0" encoding="UTF-8"?>
<SUMMARY>
<SP_COMM><![CDATA[ Analyses performed for DAOP well-defined residues. <br>]]></SP_COMM>
<STRUCTURES_COMPUTED>currently unknown</STRUCTURES_COMPUTED>
<STRUCTURES_USED>5</STRUCTURES_USED>
<RMSD>
<ALL>
<BACKBONE_ATOMS>9.0</BACKBONE_ATOMS>
<HEAVY_ATOMS>8.9</HEAVY_ATOMS>
</ALL>
<ORDERED>
<BACKBONE_ATOMS>8.1</BACKBONE_ATOMS>
<HEAVY_ATOMS>8.4</HEAVY_ATOMS>
</ORDERED>
<SELECTED>
<BACKBONE_ATOMS>8.1</BACKBONE_ATOMS>
<HEAVY_ATOMS>8.4</HEAVY_ATOMS>
</SELECTED>
</RMSD>
<QFACTORS>
<MEAN_SCORE>
<PROCHECK_G_PHI_PSI>-0.22</PROCHECK_G_PHI_PSI>
<PROCHECK_G_ALL>-0.10</PROCHECK_G_ALL>
<VERIFY3D>0.11</VERIFY3D>
<PROSAII_NEG></PROSAII_NEG>
<MAGE_CLASH>0.00
</MAGE_CLASH>
</MEAN_SCORE>
<STD_DEVIATION>
<PROCHECK_G_PHI_PSI>N/A</PROCHECK_G_PHI_PSI>
<PROCHECK_G_ALL>N/A</PROCHECK_G_ALL>
<VERIFY3D>0.0148</VERIFY3D>
<PROSAII_NEG></PROSAII_NEG>
<MAGE_CLASH>0.0000
</MAGE_CLASH>
</STD_DEVIATION>
<ZSCORE>
<PROCHECK_G_PHI_PSI>-0.55</PROCHECK_G_PHI_PSI>
<PROCHECK_G_ALL>-0.59</PROCHECK_G_ALL>
<VERIFY3D>-5.62</VERIFY3D>
<PROSAII_NEG></PROSAII_NEG>
<MAGE_CLASH>1.53
</MAGE_CLASH>
</ZSCORE>
</QFACTORS>
<RAMACHANDRAN>
<MOST_FAVORED>84.9%</MOST_FAVORED>
<ADDID_ALLOWED>15.1%</ADDID_ALLOWED>
<GEN_ALLOWED>0.0%</GEN_ALLOWED>
<DISALLOWED>0.0%</DISALLOWED>
</RAMACHANDRAN>
<MOLRAMA>
<MOST_FAVORED>90.8%</MOST_FAVORED>
<ALLOWED>8.6%</ALLOWED>
<DISALLOWED>0.6%</DISALLOWED>
</MOLRAMA>
<ORD_RES>5A-14A, 17A-23A, 25A-27A, 30A-107A</ORD_RES>
<SEL_RES_DESC>DAOP with S(phi)+S(psi)>=1.8 : 5A-14A, 17A-23A, 25A-27A, 30A-107A </SEL_RES_DESC>

</SUMMARY>
