<?xml version="1.0" encoding="UTF-8"?>
<SUMMARY>
<SP_COMM><![CDATA[ Analyses performed for DAOP well-defined residues. <br>]]></SP_COMM>
<STRUCTURES_COMPUTED>currently unknown</STRUCTURES_COMPUTED>
<STRUCTURES_USED>20</STRUCTURES_USED>
<RMSD>
<ALL>
<BACKBONE_ATOMS>3.7</BACKBONE_ATOMS>
<HEAVY_ATOMS>4.4</HEAVY_ATOMS>
</ALL>
<ORDERED>
<BACKBONE_ATOMS>0.8</BACKBONE_ATOMS>
<HEAVY_ATOMS>1.3</HEAVY_ATOMS>
</ORDERED>
<SELECTED>
<BACKBONE_ATOMS>0.8</BACKBONE_ATOMS>
<HEAVY_ATOMS>1.3</HEAVY_ATOMS>
</SELECTED>
</RMSD>
<QFACTORS>
<MEAN_SCORE>
<PROCHECK_G_PHI_PSI>0.20</PROCHECK_G_PHI_PSI>
<PROCHECK_G_ALL>0.20</PROCHECK_G_ALL>
<VERIFY3D>0.18</VERIFY3D>
<PROSAII_NEG>0.41</PROSAII_NEG>
<MAGE_CLASH>16.85
</MAGE_CLASH>
</MEAN_SCORE>
<STD_DEVIATION>
<PROCHECK_G_PHI_PSI>N/A</PROCHECK_G_PHI_PSI>
<PROCHECK_G_ALL>N/A</PROCHECK_G_ALL>
<VERIFY3D>0.0245</VERIFY3D>
<PROSAII_NEG>0.0818</PROSAII_NEG>
<MAGE_CLASH>3.3279
</MAGE_CLASH>
</STD_DEVIATION>
<ZSCORE>
<PROCHECK_G_PHI_PSI>1.10</PROCHECK_G_PHI_PSI>
<PROCHECK_G_ALL>1.18</PROCHECK_G_ALL>
<VERIFY3D>-4.49</VERIFY3D>
<PROSAII_NEG>-0.99</PROSAII_NEG>
<MAGE_CLASH>-1.37
</MAGE_CLASH>
</ZSCORE>
</QFACTORS>
<RAMACHANDRAN>
<MOST_FAVORED>95.2%</MOST_FAVORED>
<ADDID_ALLOWED>4.8%</ADDID_ALLOWED>
<GEN_ALLOWED>0.0%</GEN_ALLOWED>
<DISALLOWED>0.0%</DISALLOWED>
</RAMACHANDRAN>
<MOLRAMA>
<MOST_FAVORED>97.9%</MOST_FAVORED>
<ALLOWED>2%</ALLOWED>
<DISALLOWED>0.2%</DISALLOWED>
</MOLRAMA>
<ORD_RES>8A-21A, 27A-39A, 45A-48A, 53A-59A, 63A-80A</ORD_RES>
<SEL_RES_DESC>DAOP with S(phi)+S(psi)>=1.8 : 8A-21A, 27A-39A, 45A-48A, 53A-59A, 63A-80A </SEL_RES_DESC>

</SUMMARY>
