<?xml version="1.0" encoding="UTF-8"?>
<SUMMARY>
<SP_COMM><![CDATA[ Analyses performed for DAOP well-defined residues. <br>]]></SP_COMM>
<STRUCTURES_COMPUTED>currently unknown</STRUCTURES_COMPUTED>
<STRUCTURES_USED>20</STRUCTURES_USED>
<RMSD>
<ALL>
<BACKBONE_ATOMS>5.0</BACKBONE_ATOMS>
<HEAVY_ATOMS>5.5</HEAVY_ATOMS>
</ALL>
<ORDERED>
<BACKBONE_ATOMS>0.4</BACKBONE_ATOMS>
<HEAVY_ATOMS>0.9</HEAVY_ATOMS>
</ORDERED>
<SELECTED>
<BACKBONE_ATOMS>0.4</BACKBONE_ATOMS>
<HEAVY_ATOMS>0.9</HEAVY_ATOMS>
</SELECTED>
</RMSD>
<QFACTORS>
<MEAN_SCORE>
<PROCHECK_G_PHI_PSI>-0.46</PROCHECK_G_PHI_PSI>
<PROCHECK_G_ALL>-0.35</PROCHECK_G_ALL>
<VERIFY3D>0.13</VERIFY3D>
<PROSAII_NEG>0.01</PROSAII_NEG>
<MAGE_CLASH>19.00
</MAGE_CLASH>
</MEAN_SCORE>
<STD_DEVIATION>
<PROCHECK_G_PHI_PSI>N/A</PROCHECK_G_PHI_PSI>
<PROCHECK_G_ALL>N/A</PROCHECK_G_ALL>
<VERIFY3D>0.0278</VERIFY3D>
<PROSAII_NEG>0.0663</PROSAII_NEG>
<MAGE_CLASH>5.5134
</MAGE_CLASH>
</STD_DEVIATION>
<ZSCORE>
<PROCHECK_G_PHI_PSI>-1.49</PROCHECK_G_PHI_PSI>
<PROCHECK_G_ALL>-2.07</PROCHECK_G_ALL>
<VERIFY3D>-5.30</VERIFY3D>
<PROSAII_NEG>-2.65</PROSAII_NEG>
<MAGE_CLASH>-1.73
</MAGE_CLASH>
</ZSCORE>
</QFACTORS>
<RAMACHANDRAN>
<MOST_FAVORED>95.3%</MOST_FAVORED>
<ADDID_ALLOWED>4.5%</ADDID_ALLOWED>
<GEN_ALLOWED>0.1%</GEN_ALLOWED>
<DISALLOWED>0.1%</DISALLOWED>
</RAMACHANDRAN>
<MOLRAMA>
<MOST_FAVORED>99.5%</MOST_FAVORED>
<ALLOWED>0.2%</ALLOWED>
<DISALLOWED>0.2%</DISALLOWED>
</MOLRAMA>
<ORD_RES>11A-20A, 33A-42A, 45A-68A</ORD_RES>
<SEL_RES_DESC>DAOP with S(phi)+S(psi)>=1.8 : 11A-20A, 33A-42A, 45A-68A </SEL_RES_DESC>

</SUMMARY>
