<?xml version="1.0" encoding="UTF-8"?>
<SUMMARY>
<SP_COMM><![CDATA[ Analyses performed for DAOP well-defined residues. <br>]]></SP_COMM>
<STRUCTURES_COMPUTED>currently unknown</STRUCTURES_COMPUTED>
<STRUCTURES_USED>20</STRUCTURES_USED>
<RMSD>
<ALL>
<BACKBONE_ATOMS>8.9</BACKBONE_ATOMS>
<HEAVY_ATOMS>8.5</HEAVY_ATOMS>
</ALL>
<ORDERED>
<BACKBONE_ATOMS>0.6</BACKBONE_ATOMS>
<HEAVY_ATOMS>1.1</HEAVY_ATOMS>
</ORDERED>
<SELECTED>
<BACKBONE_ATOMS>0.6</BACKBONE_ATOMS>
<HEAVY_ATOMS>1.1</HEAVY_ATOMS>
</SELECTED>
</RMSD>
<QFACTORS>
<MEAN_SCORE>
<PROCHECK_G_PHI_PSI>0.39</PROCHECK_G_PHI_PSI>
<PROCHECK_G_ALL>0.28</PROCHECK_G_ALL>
<VERIFY3D>0.10</VERIFY3D>
<PROSAII_NEG>-0.02</PROSAII_NEG>
<MAGE_CLASH>20.53
</MAGE_CLASH>
</MEAN_SCORE>
<STD_DEVIATION>
<PROCHECK_G_PHI_PSI>N/A</PROCHECK_G_PHI_PSI>
<PROCHECK_G_ALL>N/A</PROCHECK_G_ALL>
<VERIFY3D>0.0143</VERIFY3D>
<PROSAII_NEG>0.0517</PROSAII_NEG>
<MAGE_CLASH>5.8498
</MAGE_CLASH>
</STD_DEVIATION>
<ZSCORE>
<PROCHECK_G_PHI_PSI>1.85</PROCHECK_G_PHI_PSI>
<PROCHECK_G_ALL>1.66</PROCHECK_G_ALL>
<VERIFY3D>-5.78</VERIFY3D>
<PROSAII_NEG>-2.77</PROSAII_NEG>
<MAGE_CLASH>-2.00
</MAGE_CLASH>
</ZSCORE>
</QFACTORS>
<RAMACHANDRAN>
<MOST_FAVORED>99.3%</MOST_FAVORED>
<ADDID_ALLOWED>0.6%</ADDID_ALLOWED>
<GEN_ALLOWED>0.1%</GEN_ALLOWED>
<DISALLOWED>0.0%</DISALLOWED>
</RAMACHANDRAN>
<MOLRAMA>
<MOST_FAVORED>99.3%</MOST_FAVORED>
<ALLOWED>0.7%</ALLOWED>
<DISALLOWED>0%</DISALLOWED>
</MOLRAMA>
<ORD_RES>31A-38A, 40A-59A, 62A-69A, 75A-81A, 84A-100A</ORD_RES>
<SEL_RES_DESC>DAOP with S(phi)+S(psi)>=1.8 : 31A-38A, 40A-59A, 62A-69A, 75A-81A, 84A-100A </SEL_RES_DESC>

</SUMMARY>
