<?xml version="1.0" encoding="UTF-8"?>
<SUMMARY>
<SP_COMM><![CDATA[ Analyses performed for DAOP well-defined residues. <br>]]></SP_COMM>
<STRUCTURES_COMPUTED>currently unknown</STRUCTURES_COMPUTED>
<STRUCTURES_USED>5</STRUCTURES_USED>
<RMSD>
<ALL>
<BACKBONE_ATOMS>3.6</BACKBONE_ATOMS>
<HEAVY_ATOMS>4.1</HEAVY_ATOMS>
</ALL>
<ORDERED>
<BACKBONE_ATOMS>0.9</BACKBONE_ATOMS>
<HEAVY_ATOMS>1.0</HEAVY_ATOMS>
</ORDERED>
<SELECTED>
<BACKBONE_ATOMS>0.9</BACKBONE_ATOMS>
<HEAVY_ATOMS>1.0</HEAVY_ATOMS>
</SELECTED>
</RMSD>
<QFACTORS>
<MEAN_SCORE>
<PROCHECK_G_PHI_PSI>-0.54</PROCHECK_G_PHI_PSI>
<PROCHECK_G_ALL>-0.31</PROCHECK_G_ALL>
<VERIFY3D>0.15</VERIFY3D>
<PROSAII_NEG></PROSAII_NEG>
<MAGE_CLASH>5.21
</MAGE_CLASH>
</MEAN_SCORE>
<STD_DEVIATION>
<PROCHECK_G_PHI_PSI>N/A</PROCHECK_G_PHI_PSI>
<PROCHECK_G_ALL>N/A</PROCHECK_G_ALL>
<VERIFY3D>0.0130</VERIFY3D>
<PROSAII_NEG></PROSAII_NEG>
<MAGE_CLASH>9.0182
</MAGE_CLASH>
</STD_DEVIATION>
<ZSCORE>
<PROCHECK_G_PHI_PSI>-1.81</PROCHECK_G_PHI_PSI>
<PROCHECK_G_ALL>-1.83</PROCHECK_G_ALL>
<VERIFY3D>-4.98</VERIFY3D>
<PROSAII_NEG></PROSAII_NEG>
<MAGE_CLASH>0.63
</MAGE_CLASH>
</ZSCORE>
</QFACTORS>
<RAMACHANDRAN>
<MOST_FAVORED>89.3%</MOST_FAVORED>
<ADDID_ALLOWED>10.4%</ADDID_ALLOWED>
<GEN_ALLOWED>0.4%</GEN_ALLOWED>
<DISALLOWED>0.0%</DISALLOWED>
</RAMACHANDRAN>
<MOLRAMA>
<MOST_FAVORED>93.7%</MOST_FAVORED>
<ALLOWED>5.1%</ALLOWED>
<DISALLOWED>1.2%</DISALLOWED>
</MOLRAMA>
<ORD_RES>3A-69A</ORD_RES>
<SEL_RES_DESC>DAOP with S(phi)+S(psi)>=1.8 : 3A-69A </SEL_RES_DESC>

</SUMMARY>
