<?xml version="1.0" encoding="UTF-8"?>
<SUMMARY>
<SP_COMM><![CDATA[ Analyses performed for DAOP well-defined residues. <br>]]></SP_COMM>
<STRUCTURES_COMPUTED>currently unknown</STRUCTURES_COMPUTED>
<STRUCTURES_USED>5</STRUCTURES_USED>
<RMSD>
<ALL>
<BACKBONE_ATOMS>0.9</BACKBONE_ATOMS>
<HEAVY_ATOMS>1.2</HEAVY_ATOMS>
</ALL>
<ORDERED>
<BACKBONE_ATOMS>0.4</BACKBONE_ATOMS>
<HEAVY_ATOMS>0.6</HEAVY_ATOMS>
</ORDERED>
<SELECTED>
<BACKBONE_ATOMS>0.4</BACKBONE_ATOMS>
<HEAVY_ATOMS>0.6</HEAVY_ATOMS>
</SELECTED>
</RMSD>
<QFACTORS>
<MEAN_SCORE>
<PROCHECK_G_PHI_PSI>-0.61</PROCHECK_G_PHI_PSI>
<PROCHECK_G_ALL>-0.37</PROCHECK_G_ALL>
<VERIFY3D>0.07</VERIFY3D>
<PROSAII_NEG></PROSAII_NEG>
<MAGE_CLASH>
</MAGE_CLASH>
</MEAN_SCORE>
<STD_DEVIATION>
<PROCHECK_G_PHI_PSI>N/A</PROCHECK_G_PHI_PSI>
<PROCHECK_G_ALL>N/A</PROCHECK_G_ALL>
<VERIFY3D>0.0114</VERIFY3D>
<PROSAII_NEG></PROSAII_NEG>
<MAGE_CLASH>
</MAGE_CLASH>
</STD_DEVIATION>
<ZSCORE>
<PROCHECK_G_PHI_PSI>-2.08</PROCHECK_G_PHI_PSI>
<PROCHECK_G_ALL>-2.19</PROCHECK_G_ALL>
<VERIFY3D>-6.26</VERIFY3D>
<PROSAII_NEG></PROSAII_NEG>
<MAGE_CLASH>
</MAGE_CLASH>
</ZSCORE>
</QFACTORS>
<RAMACHANDRAN>
<MOST_FAVORED>84.2%</MOST_FAVORED>
<ADDID_ALLOWED>15.0%</ADDID_ALLOWED>
<GEN_ALLOWED>0.8%</GEN_ALLOWED>
<DISALLOWED>0.0%</DISALLOWED>
</RAMACHANDRAN>
<MOLRAMA>
<MOST_FAVORED>92.3%</MOST_FAVORED>
<ALLOWED>6%</ALLOWED>
<DISALLOWED>1.8%</DISALLOWED>
</MOLRAMA>
<ORD_RES>4A-60A</ORD_RES>
<SEL_RES_DESC>DAOP with S(phi)+S(psi)>=1.8 : 4A-60A </SEL_RES_DESC>

</SUMMARY>
