<?xml version="1.0" encoding="UTF-8"?>
<SUMMARY>
<SP_COMM><![CDATA[ Analyses performed for DAOP well-defined residues. <br>]]></SP_COMM>
<STRUCTURES_COMPUTED>currently unknown</STRUCTURES_COMPUTED>
<STRUCTURES_USED>20</STRUCTURES_USED>
<RMSD>
<ALL>
<BACKBONE_ATOMS>3.6</BACKBONE_ATOMS>
<HEAVY_ATOMS>4.0</HEAVY_ATOMS>
</ALL>
<ORDERED>
<BACKBONE_ATOMS>0.4</BACKBONE_ATOMS>
<HEAVY_ATOMS>0.7</HEAVY_ATOMS>
</ORDERED>
<SELECTED>
<BACKBONE_ATOMS>0.4</BACKBONE_ATOMS>
<HEAVY_ATOMS>0.7</HEAVY_ATOMS>
</SELECTED>
</RMSD>
<QFACTORS>
<MEAN_SCORE>
<PROCHECK_G_PHI_PSI>-0.16</PROCHECK_G_PHI_PSI>
<PROCHECK_G_ALL>0.05</PROCHECK_G_ALL>
<VERIFY3D>0.17</VERIFY3D>
<PROSAII_NEG>0.38</PROSAII_NEG>
<MAGE_CLASH>14.22
</MAGE_CLASH>
</MEAN_SCORE>
<STD_DEVIATION>
<PROCHECK_G_PHI_PSI>N/A</PROCHECK_G_PHI_PSI>
<PROCHECK_G_ALL>N/A</PROCHECK_G_ALL>
<VERIFY3D>0.0195</VERIFY3D>
<PROSAII_NEG>0.0537</PROSAII_NEG>
<MAGE_CLASH>3.4011
</MAGE_CLASH>
</STD_DEVIATION>
<ZSCORE>
<PROCHECK_G_PHI_PSI>-0.31</PROCHECK_G_PHI_PSI>
<PROCHECK_G_ALL>0.30</PROCHECK_G_ALL>
<VERIFY3D>-4.65</VERIFY3D>
<PROSAII_NEG>-1.12</PROSAII_NEG>
<MAGE_CLASH>-0.91
</MAGE_CLASH>
</ZSCORE>
</QFACTORS>
<RAMACHANDRAN>
<MOST_FAVORED>90.9%</MOST_FAVORED>
<ADDID_ALLOWED>8.0%</ADDID_ALLOWED>
<GEN_ALLOWED>1.1%</GEN_ALLOWED>
<DISALLOWED>0.0%</DISALLOWED>
</RAMACHANDRAN>
<MOLRAMA>
<MOST_FAVORED>94.2%</MOST_FAVORED>
<ALLOWED>5.1%</ALLOWED>
<DISALLOWED>0.7%</DISALLOWED>
</MOLRAMA>
<ORD_RES>15A-22A, 27A-83A, 85A-94A</ORD_RES>
<SEL_RES_DESC>DAOP with S(phi)+S(psi)>=1.8 : 15A-22A, 27A-83A, 85A-94A </SEL_RES_DESC>

</SUMMARY>
